band,q_min,q_max,radius_min_pixels,radius_max_pixels,radius_min_cycles_per_pixel,radius_max_cycles_per_pixel,shell_count,frequency_count,reference_ac_fraction,sequential_target_fraction,reference_target_deviation,pooled_ac_fraction,total_image_energy_fraction,raw_rms,sample_rms_mean,sample_rms_std,normalized_sample_rms_mean,normalized_sample_rms_std,pixel_exact_min,pixel_exact_max,pixel_exact_mean,pixel_exact_abs_mean,pixel_positive_fraction,pixel_negative_fraction,pixel_near_zero_fraction_1e-8,projected_white_noise_expected_rms,noise_equalization_factor,unit_noise_rms_mean,unit_noise_rms_std,unit_noise_rms_p01,unit_noise_rms_p05,unit_noise_rms_p50,unit_noise_rms_p95,unit_noise_rms_p99,recommended_raw_noise_rms,recommended_white_noise_multiplier,sample_rms_p010,sample_rms_p050,sample_rms_p250,sample_rms_p500,sample_rms_p750,sample_rms_p950,sample_rms_p990,normalized_sample_rms_p010,normalized_sample_rms_p050,normalized_sample_rms_p250,normalized_sample_rms_p500,normalized_sample_rms_p750,normalized_sample_rms_p950,normalized_sample_rms_p990,sample_ac_fraction_p010,sample_ac_fraction_p050,sample_ac_fraction_p250,sample_ac_fraction_p500,sample_ac_fraction_p750,sample_ac_fraction_p950,sample_ac_fraction_p990,pixel_sample_p001,pixel_sample_p010,pixel_sample_p050,pixel_sample_p250,pixel_sample_p500,pixel_sample_p750,pixel_sample_p950,pixel_sample_p990,pixel_sample_p999
0,1,1,1.0,1.0,0.00390625,0.00390625,1,4,0.24940439638708947,0.0625,0.18690439638708947,0.25466067009306326,0.07469926219945479,0.09327626912325764,0.08964279186351147,0.025780462567973512,0.9610460699822287,0.2763882261833024,-0.347391183787928,0.347391183787928,-2.764856711995912e-21,0.07591205745631338,0.5,0.5,6.230672200520833e-08,0.0078125,128.0,0.9399856029866253,0.34121410606519564,0.2725387497708041,0.4215219512069697,0.9160641325847938,1.540107872584024,1.8218605967518222,0.09327626912325764,11.939362447776977,0.03885724723339081,0.05276466272771359,0.07144935987889767,0.0869164988398552,0.1053962241858244,0.13565176725387573,0.16263777166604998,0.41658234831459495,0.5656815310439681,0.7659971882503434,0.9318179174276526,1.1299361046114649,1.4543009548829833,1.743613602846146,0.057266107499599456,0.09738578051328659,0.16541247069835663,0.2261693999171257,0.31416036933660507,0.48398568183183666,0.574100308418274,-0.2631413249373436,-0.20590515151619912,-0.15175047963857652,-0.0667705126106739,0.00016263754514511675,0.06697306036949158,0.1523476868867874,0.20655972108244902,0.2613537534773341
1,2,2,1.4142135623730951,1.4142135623730951,0.005524271728019903,0.005524271728019903,1,4,0.06460041645623169,0.050039706907527376,0.01456070954870431,0.06682031414349636,0.019600310344863626,0.04777981727842286,0.04356354476329095,0.01962469128757965,0.9117562026124371,0.4107318195300439,-0.30668387954411525,0.30668387954411525,0.0,0.036953660366503376,0.5,0.5,2.02178955078125e-07,0.0078125,128.0,0.9399856029866253,0.34121410606519564,0.2725387497708041,0.4215219512069697,0.9160641325847938,1.540107872584024,1.8218605967518222,0.04777981727842286,6.1158166116381265,0.009418041622266173,0.015924675948917867,0.029360291548073292,0.04142746888101101,0.05477344989776611,0.07907420806586742,0.09919599615037447,0.1971133871731928,0.3332929436737167,0.6144914991404176,0.8670495460374952,1.1463721089302186,1.6549709180570045,2.07610664503673,0.002820608674082905,0.008300819294527173,0.027948012109845877,0.05240441858768463,0.08725455962121487,0.16229341849684709,0.2434097141027454,-0.16467927084863185,-0.1172017689794302,-0.07835650257766247,-0.02964397193863988,2.709267573663965e-05,0.0297824633307755,0.07847864553332326,0.11658330656588092,0.16894829055666846
2,4,4,2.0,2.0,0.0078125,0.0078125,1,4,0.037684823867106906,0.04899965622547707,-0.011314832358370164,0.03866324904959768,0.011341037378026548,0.03634455883034352,0.033293943648287194,0.014575330988386597,0.9160640469926569,0.4010319964653932,-0.19974284141728643,0.19974284141728643,3.297340444983381e-21,0.028385750189933518,0.5,0.5,2.2125244140625e-07,0.0078125,128.0,0.9399856029866253,0.34121410606519564,0.2725387497708041,0.4215219512069697,0.9160641325847938,1.540107872584024,1.8218605967518222,0.03634455883034352,4.652103530283971,0.008189375158399343,0.013128404412418604,0.022708988282829523,0.0314798429608345,0.04156871326267719,0.06005630288273096,0.07625975474715237,0.22532603013912933,0.3612206293025051,0.6248249810607175,0.8661500916212101,1.1437396573368805,1.6524152394605724,2.0982440618727294,0.002318387348204851,0.0056070750812068585,0.01639631949365139,0.030178144574165344,0.05065341480076313,0.09463792555034141,0.14536936581134802,-0.125353180706501,-0.08836721450090408,-0.059417587146162985,-0.023093379568308592,4.1108482037088834e-05,0.02328535681590438,0.059817303344607324,0.0889010182023049,0.12508512084186071
3,5,5,2.23606797749979,2.23606797749979,0.008734640537108554,0.008734640537108554,1,8,0.04441022878199025,0.0498700279453517,-0.005459799163361444,0.045657858516074394,0.013392756500293026,0.03949553463129841,0.036977360586499954,0.013877033537407539,0.9362415506384127,0.35135702471060165,-0.2497401266093524,0.2497401266093524,2.849072659477113e-22,0.030542686780657517,0.5,0.5,2.1425882975260415e-07,0.011048543456039806,90.50966799187809,0.9693106997139542,0.24583890542394718,0.4536652638084012,0.5844481150516765,0.9581310908287677,1.3922694178869195,1.5847016686770745,0.03949553463129841,3.574727726640542,0.01158442884683609,0.016898172348737715,0.026829255744814873,0.03546038269996643,0.045580494217574596,0.06260888129472732,0.07464066416025165,0.2933098375545462,0.4278501989272146,0.67929845728823,0.8978327051652492,1.1540670266418962,1.585214173683134,1.8898507098851203,0.004906656830571592,0.0099090825766325,0.023127115331590176,0.03799171932041645,0.05941970646381378,0.10041025057435035,0.13982031926512734,-0.14170623764395715,-0.0976090706884861,-0.06530172117054463,-0.024583247024565935,0.00010053574078483507,0.024588842410594225,0.0650884423404932,0.097616717889905,0.13798857669532272
4,8,10,2.8284271247461903,3.1622776601683795,0.011048543456039806,0.012352647110032733,3,16,0.05941514213912488,0.05032501120896513,0.00909013093015975,0.060433243174793705,0.017726799650011178,0.04543893865821391,0.04370104638298896,0.012446513223404159,0.9617532379376823,0.27391734030201054,-0.3195358630477063,0.2888248447569792,-2.0276557035689192e-21,0.03556934481026943,0.5012400649388631,0.49875993506113686,1.9741058349609374e-07,0.015625,64.0,0.9845064054718305,0.17534861728834827,0.6027132646486515,0.705409702423818,0.9791098918469777,1.281996187710406,1.4142119472699093,0.04543893865821391,2.9080920741256904,0.019354930613189936,0.024956895038485527,0.034955876879394054,0.04266907647252083,0.05153902247548103,0.06532979607582091,0.07778283238410952,0.4259547248401935,0.5492402722301286,0.7692934278753262,0.9390421020497938,1.1342479379448362,1.4377491641524374,1.7118100616121865,0.01521972119808197,0.022835806105285884,0.038605665788054466,0.05426245927810669,0.07450536265969276,0.11384342424571511,0.1526536911725998,-0.15657258085906506,-0.11107605174183846,-0.07510596588253975,-0.029004170559346676,0.0002787910489132628,0.029218565206974745,0.07428174614906308,0.11002169869840152,0.14889638468623143
5,13,17,3.605551275463989,4.123105625617661,0.014084184669781208,0.016105881350068987,3,20,0.05057507063799138,0.04949863566985971,0.0010764349681316732,0.0510424084952537,0.014972199099630394,0.04175954975091756,0.04034940721444824,0.010760359314106658,0.9662318548719906,0.2576742177128054,-0.26271383937077586,0.25732221673014766,-5.262898045606719e-21,0.03271041278031656,0.5014258025487264,0.4985741974512736,2.1807352701822916e-07,0.017469281074217108,57.243340223994615,0.9875829288261566,0.157098563618992,0.6426662560204324,0.7365735331310307,0.9832962226467733,1.2532045492303105,1.3705151364838162,0.04175954975091756,2.3904561139926033,0.018036003597080706,0.024047652911394834,0.03262715507298708,0.039812808856368065,0.04731418564915657,0.05892443992197513,0.06792252644896508,0.4319012945460317,0.5758599662791252,0.7813100301032384,0.9533821387883447,1.1330147458813769,1.4110410738008596,1.6265148176668898,0.013703976925462484,0.02028053840622306,0.033892896957695484,0.04653318598866463,0.0627865344285965,0.09416100755333896,0.11943209484219551,-0.14121028512716294,-0.10156609296798706,-0.06900233812630176,-0.0267960405908525,-6.80984667269513e-05,0.026675696950405836,0.06812421977519988,0.09964178152382416,0.1397307529598471
6,18,25,4.242640687119285,5.0,0.016572815184059706,0.01953125,3,24,0.044076600392381794,0.049390992173046544,-0.00531439178066475,0.044185113136194526,0.012960758134607118,0.03885332704122469,0.0373421019812522,0.010730724180471695,0.96110435900717,0.27618546460863014,-0.26808535878978224,0.2548683875933023,-1.5591758976583534e-21,0.0301424736072433,0.5012541672388713,0.49874583276112877,2.3047129313151042e-07,0.019136638615493577,52.255781179374466,0.9896403755857051,0.1435685446418702,0.6725685056660362,0.7596168175240896,0.9860849842113325,1.2317844187364815,1.3382174110134915,0.03885332704122469,2.03031095595691,0.016744175907224417,0.021714608184993267,0.029747382272034883,0.03641057200729847,0.04381744749844074,0.056285131163895115,0.06798292592167855,0.4309586123592011,0.5588867116052465,0.7656328180202407,0.9371288067213812,1.1277656467346786,1.4486566646962997,1.749732419299546,0.011184200420975685,0.016037628520280123,0.027554500848054886,0.039002517238259315,0.055062602274119854,0.08844834342598909,0.12812421128153803,-0.13836853593587875,-0.09727108567953109,-0.06384925842285157,-0.024263228755444288,0.00032282886968459934,0.024551060050725937,0.06333324499428271,0.09605133377015596,0.13552179159224026
7,26,36,5.0990195135927845,6.0,0.019918044974971814,0.0234375,5,32,0.050400113975057594,0.049981480148675955,0.0004186338263816383,0.050185004590417207,0.014720697997890532,0.041407328534312296,0.04021669247936613,0.009858220046142336,0.9712457650109075,0.2380791129273963,-0.24981432272230222,0.2661658739765478,1.1074955785349977e-22,0.032470089381616676,0.5009023962020874,0.49909760379791257,2.09808349609375e-07,0.02209708691207961,45.254833995939045,0.9922191984572333,0.1245032618564088,0.7150658961694064,0.7919894543282341,0.9895683890059482,1.2014868330567348,1.2928381066020427,0.041407328534312296,1.873881779035613,0.018678932581096888,0.024927840568125248,0.033663878217339516,0.03983042947947979,0.04602058883756399,0.05741889551281928,0.06642405241727829,0.4511020933315835,0.602015185487485,0.8129932407845111,0.9619173921465181,1.1114116864464922,1.3866843755746994,1.6041617454802914,0.014882477270439266,0.02189456941559911,0.03419280704110861,0.04640322923660278,0.06203420367091894,0.09283027201890945,0.12152054227888595,-0.13970623937249183,-0.10053929202258587,-0.06824240237474441,-0.02673701336607337,0.00013627199950860813,0.026545175816863775,0.06773833818733689,0.0993249997496605,0.13842910450696913
8,37,49,6.082762530298219,7.0,0.02376079113397742,0.02734375,5,36,0.048688121143047915,0.04992915092037826,-0.0012410297773303436,0.047950602772400534,0.014065284002466852,0.04047503784506015,0.03924098427227,0.009918358859786805,0.9695107493780696,0.24504878532182295,-0.24422429456324019,0.2620696244426794,-2.139534638685425e-21,0.03166317098669749,0.5004889214833578,0.4995110785166422,2.0631154378255207e-07,0.0234375,42.666666666666664,0.9930804985523772,0.11743561382716025,0.7309179128586281,0.8039591099831055,0.990728867994234,1.1902201029607768,1.2760530999671416,0.04047503784506015,1.7269349480558998,0.016628078110516073,0.02406553626060486,0.032611473463475704,0.038723839446902275,0.04554694890975952,0.05581944659352302,0.06349259696900846,0.4108230404667917,0.5945772392536991,0.8057181709950106,0.9567338663187537,1.1253096064817734,1.3791079530846098,1.5686853020881737,0.012119907829910516,0.018940920755267144,0.031763674691319466,0.04403293691575527,0.06084748636931181,0.09281481131911276,0.1199245660007001,-0.13817975686490536,-0.09875273086130619,-0.06692135334014893,-0.025958317797631025,-4.849887773161754e-05,0.02582547627389431,0.06622479073703283,0.09701381534338,0.13388600361347158
9,50,64,7.0710678118654755,8.0,0.027621358640099514,0.03125,6,48,0.046422505181183515,0.050106440888568304,-0.003683935707384789,0.045369757980078515,0.013308248368470806,0.039370729266309114,0.03833703893717999,0.008962464435714529,0.9737446994660146,0.2276428352416631,-0.252368158324662,0.24715255737394765,3.939197307285062e-21,0.03077285927963572,0.5012758010228475,0.49872419897715253,2.2856394449869792e-07,0.027063293868263706,36.95041722813605,0.9948055811259923,0.1017932009545667,0.7661729699322265,0.8303874275186037,0.9930488045078297,1.1652142945217008,1.238973352888943,0.039370729266309114,1.4547648729661082,0.017533885221928357,0.02449165703728795,0.03242994472384453,0.03806833550333977,0.043779097497463226,0.05363717116415497,0.06189240187406542,0.4453533259017558,0.6220778099288677,0.8237069855750918,0.9669197450176812,1.1119707029386043,1.3623616367719695,1.5720410321946683,0.012569341594353318,0.018470385670661928,0.03126768488436937,0.04250669293105602,0.05772701930254698,0.0871577378362417,0.11543658122420315,-0.13467906887829303,-0.0960378371924162,-0.06479488126933575,-0.02501410711556673,0.00015073613030835986,0.025222293101251125,0.06443425901234148,0.09492875531315834,0.13316787344217226
10,65,89,8.06225774829855,9.433981132056603,0.03149319432929121,0.036851488797096106,10,88,0.052212785361151176,0.05072043017313244,0.0014923551880187333,0.05076913564819106,0.014892040353298408,0.041647612769646236,0.04073021297873735,0.008693296269847012,0.9779723319081207,0.2087345634413623,-0.33821089968751644,0.3315792012110292,-1.3583585030801462e-21,0.032025617681716106,0.5011638164520263,0.49883618354797366,2.1998087565104166e-07,0.036643873123620545,27.289691693518137,0.9971631834319091,0.07527008441566095,0.8264313276163212,0.8749885355918642,0.9962100834104037,1.122588338408388,1.1763150814387746,0.041647612769646236,1.1365505122546748,0.019900440759956835,0.026194595266133547,0.035157036036252975,0.04080176539719105,0.04643056262284517,0.05437272600829601,0.061990445740520955,0.47782908638789373,0.6289579047667478,0.8441548914389699,0.9796903756012718,1.1148433135808655,1.3055424403082267,1.488451356945507,0.015492243962362408,0.021943914890289306,0.03609617240726948,0.0485861711204052,0.06436292454600334,0.09364841505885124,0.12279895752668385,-0.1539216128587723,-0.10490981318056583,-0.06847188659012318,-0.025428785476833582,0.00014529807958751917,0.025715958327054977,0.06777711324393748,0.10290341414511206,0.15031644174456554
11,90,136,9.486832980505138,11.661903789690601,0.037057941330098196,0.04555431167847891,17,144,0.05003407279127209,0.0504219591355287,-0.0003878863442566133,0.048487699409201196,0.014222829816212475,0.04070108787506485,0.039849399741962166,0.00828274679768504,0.9790745609621784,0.2035018529015631,-0.3584472468220199,0.3796830599988807,-3.785407887799203e-21,0.03081742533693729,0.5021944662729899,0.4978055337270101,2.4509429931640626e-07,0.046875,21.333333333333332,0.9982654089871233,0.05887421523698965,0.8639460504636989,0.9024206696919189,0.9976844190973183,1.0960917283892657,1.1377150757872876,0.04070108787506485,0.8682898746680501,0.01868133570998907,0.027112787775695323,0.03431869391351938,0.03959505446255207,0.04515576362609863,0.053968967869877815,0.05991883147507906,0.458988609035043,0.666144056368226,0.8431886149791199,0.9728254582308011,1.1094485671908267,1.3259834242155824,1.472167811804062,0.015128215430304409,0.02191575849428773,0.03452190198004246,0.046529244631528854,0.061668011359870434,0.09052133411169051,0.11600706554949286,-0.1595899786502123,-0.10585041888058186,-0.06707007661461831,-0.023967603221535683,0.00014013185136718675,0.024103871546685696,0.06618693992495536,0.10341772876679929,0.15346448928117712
12,137,218,11.704699910719626,14.7648230602334,0.04572148402624854,0.05767509007903672,28,252,0.049718313582432797,0.050518930721592845,-0.0008006171391600481,0.04789289901850597,0.014048357840132919,0.0404506766841528,0.0395098765588773,0.008673344130405892,0.9767420423489706,0.21441777595290054,-0.4117512047982707,0.4352347926461322,6.36404087703731e-22,0.02990718445103527,0.5023276863098145,0.49767231369018555,2.549489339192708e-07,0.062009796353076345,16.12648418172703,0.9990084310412255,0.04452139607592075,0.8969324013386609,0.9263441714194702,0.998676997418397,1.0728031648503789,1.104010195859001,0.0404506766841528,0.6523271976871445,0.019953407905995847,0.02591130854561925,0.033645277842879295,0.039147671312093735,0.045108240097761154,0.05439072493463751,0.0604218402504921,0.49327748116047987,0.6405655150824812,0.8317605686942777,0.9677877979092118,1.115141792311055,1.34461841910165,1.493716427101535,0.014500796925276518,0.019997397530823947,0.03254881780594587,0.04540970362722874,0.0623401403427124,0.09367150887846946,0.11785718493163587,-0.1690433398038149,-0.10853450126945972,-0.06613720320165156,-0.02258171048015356,3.352510611875914e-05,0.022622707299888134,0.06510005071759221,0.1062388806790115,0.16773369657993129
13,221,445,14.866068747318506,21.095023109728988,0.058070581044212914,0.08240243402237886,75,724,0.050824657327163576,0.05078580310131286,3.885422585071796e-05,0.04913505119551371,0.01441271662049746,0.04097188400167896,0.040171215439913796,0.008060318159709062,0.980458097515546,0.1967280332868941,-0.49247538271305225,0.49713877709898285,-2.2372963580143586e-21,0.029359318989250014,0.5028440456390381,0.49715595436096194,2.959569295247396e-07,0.10510643786776336,9.51416507196373,0.9996547558524672,0.026274875861632265,0.9390453792148389,0.9566332332064166,0.9995395642871128,1.0430691978273396,1.0612807083234372,0.04097188400167896,0.3898132677013235,0.0195244818367064,0.026921925880014897,0.03496816847473383,0.0405108816921711,0.04552722256630659,0.05275156907737255,0.05839827060699464,0.47653365990947155,0.6570829371407885,0.8534674283784678,0.9887483253274618,1.1111820624221467,1.287506551449059,1.4253254891720764,0.015328507833182813,0.021582767739892005,0.03534231800585985,0.048740582540631294,0.06299412064254284,0.08932048007845873,0.11213525988161564,-0.18522299268841744,-0.11417318865656853,-0.06605615429580211,-0.020740419626235962,0.00011441591050243005,0.02106373617425561,0.06566161736845968,0.10961302779614938,0.18079813846945497
14,449,1657,21.18962010041709,40.70626487409524,0.08277195351725426,0.15900884716443453,362,3796,0.050760536549778634,0.05076637598838751,-5.839438608878922e-06,0.049394715419275224,0.014488883568175289,0.04108000349389305,0.04043201217741201,0.007267673509796499,0.9842261134038761,0.1769151142082281,-0.7075166296185099,0.6272643045977759,-1.9030006881646614e-21,0.027482905380458045,0.5058494583765666,0.4941505416234334,4.0562947591145834e-07,0.2406706531367088,4.155055828231651,0.9999341433711249,0.01147645069935506,0.973333366843898,0.9810945372815146,0.9999121871549856,1.0188486436871802,1.0267286623600562,0.04108000349389305,0.1706897079410769,0.020599546171724797,0.028881448600441218,0.035805150866508484,0.04073589853942394,0.045546891167759895,0.05173097010701894,0.054888128414750104,0.5014494746765814,0.703053703603865,0.871595613954397,0.991623541256021,1.1087363021897234,1.25927375139365,1.3361276471875123,0.018289399929344655,0.024723487719893456,0.03748767729848623,0.04894801788032055,0.06181144341826439,0.08399887681007384,0.09849140912294388,-0.20075286346673965,-0.12125854536890984,-0.06755385547876358,-0.016848625615239143,0.0002621403109515086,0.016847471706569195,0.06731416098773471,0.11752588495612158,0.18706924116611348
15,1658,32768,40.718546143004666,181.01933598375618,0.15905682087111198,0.7071067811865476,5402,60335,0.05077221542699638,0.05077221542699638,0.0,0.049352277357943015,0.014476435270330424,0.04106235251331567,0.04051506068690408,0.006681815041321926,0.986671688470988,0.162723629610728,-0.8070626107276686,0.7507976945219168,-2.40105606115019e-21,0.02152509224277857,0.4974895626703898,0.5025104373296102,7.686614990234375e-07,0.9594993684656272,1.042210170079777,0.9999958564527816,0.002878728411636901,0.9933050546897385,0.9952631393663993,0.9999944752863291,1.0047332849457398,1.0066988456167811,0.04106235251331567,0.04279560139677849,0.02077004261314869,0.02884711679071188,0.03657363820821047,0.04139058291912079,0.04532495606690645,0.04978257585316896,0.05220461573451758,0.5058171619956113,0.7025198271666816,0.8906854081570313,1.0079934632507643,1.1038080697448718,1.212365410311684,1.2713498506348049,0.017964325733482837,0.025111636053770783,0.038814084604382515,0.05026666447520256,0.06206361576914787,0.0783507205545902,0.08798009738326074,-0.2584636522233486,-0.14503629490733147,-0.05227861478924751,-0.009298815159127116,-9.661633885116316e-05,0.008947433903813362,0.05517444182187317,0.14013464868068704,0.24621724772453246
