band,time,snr_db_p05,snr_db_p50,snr_db_p95,finite_fraction
0,0.1,-25.345522189681713,-18.805655778635046,-11.057905567992059,1.0
0,0.2,-18.301871827454463,-11.762005416407797,-4.014255205764811,1.0
0,0.3,-13.6202077067871,-7.080341295740437,0.6674089149025509,1.0
0,0.5,-6.260672000895214,0.2791944101514504,8.026944620794437,1.0
0,0.7,1.098863704996672,7.638730116043337,15.386480326686323,1.0
0,0.8,5.780527825664035,12.320394236710701,20.068144447353685,1.0
0,0.9,12.824178187891286,19.36404459893795,27.111794809580935,1.0
1,0.1,-28.934030546395068,-19.53621269869003,-10.790127105697408,1.0
1,0.2,-21.890380184167824,-12.492562336462779,-3.74647674347016,1.0
1,0.3,-17.208716063500464,-7.810898215795419,0.9351873771971991,1.0
1,0.5,-9.849180357608574,-0.4513625099035305,8.294723083089087,1.0
1,0.7,-2.4896446517166897,6.908173195988356,15.654258788980973,1.0
1,0.8,2.192019468950676,11.589837316655718,20.335922909648335,1.0
1,0.9,9.235669831177928,18.63348767888297,27.379573271875586,1.0
2,0.1,-28.431979512597973,-19.471464495023564,-10.857273037535597,1.0
2,0.2,-21.388329150370723,-12.427814132796314,-3.813622675308347,1.0
2,0.3,-16.706665029703366,-7.746150012128954,0.8680414453590137,1.0
2,0.5,-9.347129323811476,-0.3866143062370656,8.227577151250902,1.0
2,0.7,-1.9875936179195919,6.972921399654819,15.587112857142786,1.0
2,0.8,2.6940705027477736,11.654585520322183,20.268776977810152,1.0
2,0.9,9.737720864975023,18.698235882549433,27.312427340037402,1.0
3,0.1,-26.766961945045555,-19.5962328578003,-13.158591005678558,1.0
3,0.2,-19.723311582818305,-12.552582495573049,-6.114940643451309,1.0
3,0.3,-15.041647462150943,-7.870918374905688,-1.4332765227839486,1.0
3,0.5,-7.682111756259056,-0.5113826690137997,5.92625918310794,1.0
3,0.7,-0.3225760503671698,6.848153036878085,13.285794888999826,1.0
3,0.8,4.359088070300193,11.529817157545452,17.96745900966719,1.0
3,0.9,11.402738432527443,18.5734675197727,25.011109371894438,1.0
4,0.1,-24.638804486295964,-19.418464590179173,-14.720245504443634,1.0
4,0.2,-17.595154124068717,-12.374814227951923,-7.676595142216385,1.0
4,0.3,-12.913490003401357,-7.6931501072845645,-2.994931021549026,1.0
4,0.5,-5.5539542975094705,-0.3336144013926762,4.364604684342863,1.0
4,0.7,1.805581408382416,7.025921304499208,11.724140390234748,1.0
4,0.8,6.48724552904978,11.707585425166576,16.405804510902115,1.0
4,0.9,13.53089589127703,18.751235787393824,23.449454873129362,1.0
5,0.1,-24.224173281334053,-19.344085780762704,-15.107744570246833,1.0
5,0.2,-17.1805229191068,-12.300435418535457,-8.064094208019585,1.0
5,0.3,-12.498858798439441,-7.618771297868095,-3.3824300873522217,1.0
5,0.5,-5.139323092547552,-0.25923559197620916,3.977105618539664,1.0
5,0.7,2.2202126133443327,7.100300113915678,11.336641324431552,1.0
5,0.8,6.901876734011697,11.781964234583043,16.018305445098914,1.0
5,0.9,13.945527096238946,18.82561459681029,23.06195580732616,1.0
6,0.1,-24.40547492384661,-19.510754068737732,-15.055921990226343,1.0
6,0.2,-17.361824561619365,-12.46710370651048,-8.012271627999091,1.0
6,0.3,-12.680160440952003,-7.78543958584312,-3.3306075073317327,1.0
6,0.5,-5.3206247350601155,-0.42590387995123274,4.0289281985601555,1.0
6,0.7,2.038910970831772,6.933631825940653,11.388463904452044,1.0
6,0.8,6.720575091499136,11.615295946608018,16.070128025119406,1.0
6,0.9,13.764225453726386,18.65894630883527,23.11377838734666,1.0
7,0.1,-23.705599416155884,-19.349488917422462,-15.630590103846316,1.0
7,0.2,-16.661949053928634,-12.305838555195212,-8.586939741619068,1.0
7,0.3,-11.980284933261276,-7.624174434527852,-3.905275620951705,1.0
7,0.5,-4.6207492273693855,-0.2646387286359638,3.454260084940181,1.0
7,0.7,2.738786478522501,7.094896977255922,10.813795790832067,1.0
7,0.8,7.420450599189865,11.776561097923286,15.495459911499431,1.0
7,0.9,14.464100961417115,18.820211460150535,22.539110273726685,1.0
8,0.1,-23.82808418556149,-19.37027097840562,-15.673529235337464,1.0
8,0.2,-16.784433823334243,-12.326620616178374,-8.629878873110215,1.0
8,0.3,-12.102769702666883,-7.644956495511014,-3.9482147524428535,1.0
8,0.5,-4.743233996774994,-0.2854207896191266,3.4113209534490334,1.0
8,0.7,2.6163017091168914,7.074114916272759,10.77085665934092,1.0
8,0.8,7.297965829784255,11.755779036940126,15.452520780008284,1.0
8,0.9,14.341616192011506,18.799429399167373,22.496171142235536,1.0
9,0.1,-23.439163039958398,-19.327171222223033,-15.97195244104454,1.0
9,0.2,-16.39551267773115,-12.283520859995782,-8.92830207881729,1.0
9,0.3,-11.713848557063793,-7.601856739328422,-4.24663795814993,1.0
9,0.5,-4.354312851171903,-0.24232103343653544,3.1128977477419575,1.0
9,0.7,3.005222854719983,7.117214672455351,10.472433453633844,1.0
9,0.8,7.686886975387348,11.798878793122714,15.154097574301208,1.0
9,0.9,14.730537337614596,18.842529155349965,22.197747936528458,1.0
10,0.1,-23.142985442257274,-19.238283747651998,-16.436010363099676,1.0
10,0.2,-16.099335080030023,-12.194633385424748,-9.392360000872428,1.0
10,0.3,-11.417670959362665,-7.512969264757386,-4.710695880205067,1.0
10,0.5,-4.058135253470778,-0.15343355886549903,2.648839825686821,1.0
10,0.7,3.3014004524211074,7.206102147026387,10.008375531578706,1.0
10,0.8,7.983064573088471,11.887766267693753,14.690039652246073,1.0
10,0.9,15.02671493531572,18.931416629921,21.73369001447332,1.0
11,0.1,-22.681022194305285,-19.302744051075027,-16.48377282519234,1.0
11,0.2,-15.637371832078035,-12.259093688847777,-9.440122462965089,1.0
11,0.3,-10.955707711410675,-7.577429568180417,-4.758458342297728,1.0
11,0.5,-3.5961720055187856,-0.21789386228852875,2.6010773635941593,1.0
11,0.7,3.7633637003731004,7.141641843603358,9.960613069486046,1.0
11,0.8,8.445027821040462,11.82330596427072,14.64227719015341,1.0
11,0.9,15.488678183267712,18.86695632649797,21.68592755238066,1.0
12,0.1,-22.98037477699289,-19.357522624942565,-16.43162632038644,1.0
12,0.2,-15.936724414765633,-12.313872262715314,-9.38797595815919,1.0
12,0.3,-11.255060294098273,-7.632208142047955,-4.706311837491829,1.0
12,0.5,-3.8955245882063863,-0.2726724361560666,2.653223868400059,1.0
12,0.7,3.464011117685499,7.0868632697358205,10.012759574291943,1.0
12,0.8,8.145675238352865,11.768527390403182,14.694423694959308,1.0
12,0.9,15.189325600580116,18.812177752630433,21.73807405718656,1.0
13,0.1,-22.78601880822314,-19.181223770074517,-16.842297761268778,1.0
13,0.2,-15.74236844599589,-12.137573407847267,-9.79864739904153,1.0
13,0.3,-11.060704325328526,-7.455909287179907,-5.116983278374168,1.0
13,0.5,-3.701168619436641,-0.09637358128801862,2.2425524275177193,1.0
13,0.7,3.6583670864552436,7.263162124603868,9.602088133409605,1.0
13,0.8,8.340031207122609,11.94482624527123,14.283752254076969,1.0
13,0.9,15.383681569349859,18.98847660749848,21.32740261630422,1.0
14,0.1,-22.1582007168448,-19.156938139470252,-17.07033116605042,1.0
14,0.2,-15.11455035461755,-12.113287777243002,-10.02668080382317,1.0
14,0.3,-10.432886233950192,-7.431623656575644,-5.345016683155808,1.0
14,0.5,-3.073350528058303,-0.07208795068375505,2.0145190227360783,1.0
14,0.7,4.286185177833582,7.287447755208131,9.374054728627966,1.0
14,0.8,8.967849298500946,11.969111875875495,14.05571884929533,1.0
14,0.9,16.011499660728195,19.012762238102745,21.099369211522575,1.0
15,0.1,-22.148429639578197,-19.017485981382773,-17.412600396947585,1.0
15,0.2,-15.10477927735095,-11.973835619155523,-10.368950034720331,1.0
15,0.3,-10.42311515668359,-7.292171498488164,-5.687285914052974,1.0
15,0.5,-3.0635794507917025,0.06736420740372295,1.672249791838915,1.0
15,0.7,4.295956255100182,7.4268999132956095,9.0317854977308,1.0
15,0.8,8.977620375767549,12.108564033962974,13.713449618398164,1.0
15,0.9,16.021270737994797,19.152214396190224,20.757099980625412,1.0
